"","baseMean","log2FoldChange","lfcSE","stat","pvalue","padj","gene_symbol"
"NA",NA,NA,NA,NA,NA,NA,NA
"NA.1",NA,NA,NA,NA,NA,NA,NA
"NA.2",NA,NA,NA,NA,NA,NA,NA
"NA.3",NA,NA,NA,NA,NA,NA,NA
"NA.4",NA,NA,NA,NA,NA,NA,NA
"NA.5",NA,NA,NA,NA,NA,NA,NA
"NA.6",NA,NA,NA,NA,NA,NA,NA
"NA.7",NA,NA,NA,NA,NA,NA,NA
"NA.8",NA,NA,NA,NA,NA,NA,NA
"NA.9",NA,NA,NA,NA,NA,NA,NA
"NA.10",NA,NA,NA,NA,NA,NA,NA
"NA.11",NA,NA,NA,NA,NA,NA,NA
"NA.12",NA,NA,NA,NA,NA,NA,NA
"NA.13",NA,NA,NA,NA,NA,NA,NA
"NA.14",NA,NA,NA,NA,NA,NA,NA
"NA.15",NA,NA,NA,NA,NA,NA,NA
"ENSG00000163207",542.638037784317,1.02048030105667,0.158319363879773,6.44570743621495,1.15062431706636e-10,4.07349773849419e-08,"IVL"
"ENSG00000163216",86.1195039173347,2.73978982224808,0.272252860546737,10.0634014156767,8.01792687371762e-24,7.0963664036697e-21,"SPRR2D"
"ENSG00000241794",127.474817226431,1.780205810044,0.207722308212226,8.57012337945524,1.03374226248464e-17,6.65401099047498e-15,"SPRR2A"
"ENSG00000203785",11.1267856630747,3.26556646457172,0.746322364863546,4.37554415935101,1.21129915539475e-05,0.00183704224095833,"SPRR2E"
"NA.16",NA,NA,NA,NA,NA,NA,NA
"NA.17",NA,NA,NA,NA,NA,NA,NA
"NA.18",NA,NA,NA,NA,NA,NA,NA
"NA.19",NA,NA,NA,NA,NA,NA,NA
"NA.20",NA,NA,NA,NA,NA,NA,NA
"NA.21",NA,NA,NA,NA,NA,NA,NA
"ENSG00000163218",30.9252266196709,1.45542719114218,0.357044756547063,4.07631582442897,4.57548643569129e-05,0.00553790285605336,"PGLYRP4"
"NA.22",NA,NA,NA,NA,NA,NA,NA
"NA.23",NA,NA,NA,NA,NA,NA,NA
"NA.24",NA,NA,NA,NA,NA,NA,NA
"NA.25",NA,NA,NA,NA,NA,NA,NA
"NA.26",NA,NA,NA,NA,NA,NA,NA
"NA.27",NA,NA,NA,NA,NA,NA,NA
"NA.28",NA,NA,NA,NA,NA,NA,NA
"NA.29",NA,NA,NA,NA,NA,NA,NA
"NA.30",NA,NA,NA,NA,NA,NA,NA
"NA.31",NA,NA,NA,NA,NA,NA,NA
"NA.32",NA,NA,NA,NA,NA,NA,NA
"NA.33",NA,NA,NA,NA,NA,NA,NA
"NA.34",NA,NA,NA,NA,NA,NA,NA
"NA.35",NA,NA,NA,NA,NA,NA,NA
"NA.36",NA,NA,NA,NA,NA,NA,NA
"NA.37",NA,NA,NA,NA,NA,NA,NA
"NA.38",NA,NA,NA,NA,NA,NA,NA
"NA.39",NA,NA,NA,NA,NA,NA,NA
"NA.40",NA,NA,NA,NA,NA,NA,NA
"NA.41",NA,NA,NA,NA,NA,NA,NA
"NA.42",NA,NA,NA,NA,NA,NA,NA
"NA.43",NA,NA,NA,NA,NA,NA,NA
"NA.44",NA,NA,NA,NA,NA,NA,NA
"NA.45",NA,NA,NA,NA,NA,NA,NA
"NA.46",NA,NA,NA,NA,NA,NA,NA
"NA.47",NA,NA,NA,NA,NA,NA,NA
"NA.48",NA,NA,NA,NA,NA,NA,NA
"NA.49",NA,NA,NA,NA,NA,NA,NA
"NA.50",NA,NA,NA,NA,NA,NA,NA
"NA.51",NA,NA,NA,NA,NA,NA,NA
"NA.52",NA,NA,NA,NA,NA,NA,NA
"NA.53",NA,NA,NA,NA,NA,NA,NA
"NA.54",NA,NA,NA,NA,NA,NA,NA
"ENSG00000162366",35.3115839017213,2.83676186362302,0.413163372210213,6.86595679681816,6.60470617250731e-12,2.67226411739646e-09,"PDZK1IP1"
"NA.55",NA,NA,NA,NA,NA,NA,NA
"NA.56",NA,NA,NA,NA,NA,NA,NA
"ENSG00000163874",224.884970061483,1.65829386140191,0.169114454916092,9.80574878844439,1.0635523412095e-22,8.85939100227512e-20,"ZC3H12A"
"NA.57",NA,NA,NA,NA,NA,NA,NA
"NA.58",NA,NA,NA,NA,NA,NA,NA
"NA.59",NA,NA,NA,NA,NA,NA,NA
"NA.60",NA,NA,NA,NA,NA,NA,NA
"NA.61",NA,NA,NA,NA,NA,NA,NA
"NA.62",NA,NA,NA,NA,NA,NA,NA
"NA.63",NA,NA,NA,NA,NA,NA,NA
"NA.64",NA,NA,NA,NA,NA,NA,NA
"ENSG00000143546",420.630570645247,1.88014252744288,0.149170734572362,12.6039637254104,2.0079436054184e-36,7.10862234908249e-33,"S100A8"
"NA.65",NA,NA,NA,NA,NA,NA,NA
"ENSG00000163220",3114.68186010616,1.12013005255679,0.0925290145393172,12.1057168730661,9.85050257707771e-34,2.32488278323329e-30,"S100A9"
"ENSG00000125538",1099.35058588902,1.07158758239837,0.103462295131183,10.3572763492214,3.8784898376385e-25,3.66155297271992e-22,"IL1B"
"NA.66",NA,NA,NA,NA,NA,NA,NA
"NA.67",NA,NA,NA,NA,NA,NA,NA
"NA.68",NA,NA,NA,NA,NA,NA,NA
"NA.69",NA,NA,NA,NA,NA,NA,NA
"NA.70",NA,NA,NA,NA,NA,NA,NA
"ENSG00000115009",101.11339931362,3.01363841478778,0.263489451642294,11.4374157902876,2.71862935698668e-30,2.9614238710991e-27,"CCL20"
"NA.71",NA,NA,NA,NA,NA,NA,NA
"NA.72",NA,NA,NA,NA,NA,NA,NA
"NA.73",NA,NA,NA,NA,NA,NA,NA
"ENSG00000136688",65.3974858893787,2.79765569471484,0.296736047091015,9.42809517799074,4.17603535422186e-21,3.11246508690189e-18,"IL36G"
"NA.74",NA,NA,NA,NA,NA,NA,NA
"NA.75",NA,NA,NA,NA,NA,NA,NA
"NA.76",NA,NA,NA,NA,NA,NA,NA
"NA.77",NA,NA,NA,NA,NA,NA,NA
"NA.78",NA,NA,NA,NA,NA,NA,NA
"NA.79",NA,NA,NA,NA,NA,NA,NA
"NA.80",NA,NA,NA,NA,NA,NA,NA
"NA.81",NA,NA,NA,NA,NA,NA,NA
"NA.82",NA,NA,NA,NA,NA,NA,NA
"NA.83",NA,NA,NA,NA,NA,NA,NA
"NA.84",NA,NA,NA,NA,NA,NA,NA
"NA.85",NA,NA,NA,NA,NA,NA,NA
"NA.86",NA,NA,NA,NA,NA,NA,NA
"NA.87",NA,NA,NA,NA,NA,NA,NA
"NA.88",NA,NA,NA,NA,NA,NA,NA
"NA.89",NA,NA,NA,NA,NA,NA,NA
"NA.90",NA,NA,NA,NA,NA,NA,NA
"NA.91",NA,NA,NA,NA,NA,NA,NA
"NA.92",NA,NA,NA,NA,NA,NA,NA
"NA.93",NA,NA,NA,NA,NA,NA,NA
"NA.94",NA,NA,NA,NA,NA,NA,NA
"NA.95",NA,NA,NA,NA,NA,NA,NA
"NA.96",NA,NA,NA,NA,NA,NA,NA
"NA.97",NA,NA,NA,NA,NA,NA,NA
"NA.98",NA,NA,NA,NA,NA,NA,NA
"NA.99",NA,NA,NA,NA,NA,NA,NA
"NA.100",NA,NA,NA,NA,NA,NA,NA
"ENSG00000115008",447.400244453453,1.10055664315467,0.146062131454038,7.53485268357174,4.88886434433661e-14,2.47254314214824e-11,"IL1A"
"NA.101",NA,NA,NA,NA,NA,NA,NA
"NA.102",NA,NA,NA,NA,NA,NA,NA
"NA.103",NA,NA,NA,NA,NA,NA,NA
"NA.104",NA,NA,NA,NA,NA,NA,NA
"NA.105",NA,NA,NA,NA,NA,NA,NA
"NA.106",NA,NA,NA,NA,NA,NA,NA
"NA.107",NA,NA,NA,NA,NA,NA,NA
"NA.108",NA,NA,NA,NA,NA,NA,NA
"NA.109",NA,NA,NA,NA,NA,NA,NA
"NA.110",NA,NA,NA,NA,NA,NA,NA
"NA.111",NA,NA,NA,NA,NA,NA,NA
"NA.112",NA,NA,NA,NA,NA,NA,NA
"NA.113",NA,NA,NA,NA,NA,NA,NA
"NA.114",NA,NA,NA,NA,NA,NA,NA
"NA.115",NA,NA,NA,NA,NA,NA,NA
"ENSG00000231574",30.2898330297304,1.42170342977484,0.368393724940379,3.85919556584446,0.000113760875535265,0.0113448433694006,"LINC02015"
"NA.116",NA,NA,NA,NA,NA,NA,NA
"NA.117",NA,NA,NA,NA,NA,NA,NA
"NA.118",NA,NA,NA,NA,NA,NA,NA
"NA.119",NA,NA,NA,NA,NA,NA,NA
"NA.120",NA,NA,NA,NA,NA,NA,NA
"NA.121",NA,NA,NA,NA,NA,NA,NA
"NA.122",NA,NA,NA,NA,NA,NA,NA
"NA.123",NA,NA,NA,NA,NA,NA,NA
"NA.124",NA,NA,NA,NA,NA,NA,NA
"ENSG00000134070",49.3944607054786,1.57074480267779,0.292125336274399,5.37695505193141,7.57560758383538e-08,1.89863285019925e-05,"IRAK2"
"NA.125",NA,NA,NA,NA,NA,NA,NA
"NA.126",NA,NA,NA,NA,NA,NA,NA
"NA.127",NA,NA,NA,NA,NA,NA,NA
"NA.128",NA,NA,NA,NA,NA,NA,NA
"NA.129",NA,NA,NA,NA,NA,NA,NA
"NA.130",NA,NA,NA,NA,NA,NA,NA
"NA.131",NA,NA,NA,NA,NA,NA,NA
"NA.132",NA,NA,NA,NA,NA,NA,NA
"ENSG00000163735",13.6585461120979,2.9970507505849,0.636843852720116,4.70609983559355,2.52500897695896e-06,0.000470482264772576,"CXCL5"
"ENSG00000163734",38.1951127585008,2.49668977747269,0.39431234187572,6.3317566110056,2.42385629874591e-10,8.17243548727161e-08,"CXCL3"
"NA.133",NA,NA,NA,NA,NA,NA,NA
"NA.134",NA,NA,NA,NA,NA,NA,NA
"NA.135",NA,NA,NA,NA,NA,NA,NA
"NA.136",NA,NA,NA,NA,NA,NA,NA
"NA.137",NA,NA,NA,NA,NA,NA,NA
"NA.138",NA,NA,NA,NA,NA,NA,NA
"NA.139",NA,NA,NA,NA,NA,NA,NA
"NA.140",NA,NA,NA,NA,NA,NA,NA
"NA.141",NA,NA,NA,NA,NA,NA,NA
"NA.142",NA,NA,NA,NA,NA,NA,NA
"NA.143",NA,NA,NA,NA,NA,NA,NA
"NA.144",NA,NA,NA,NA,NA,NA,NA
"NA.145",NA,NA,NA,NA,NA,NA,NA
"ENSG00000169429",594.578673914956,2.33457185419672,0.12937778245459,18.0446117556244,8.69735243038379e-73,1.23163207766665e-68,"CXCL8"
"NA.146",NA,NA,NA,NA,NA,NA,NA
"ENSG00000081041",159.551727430656,1.31932119094631,0.202165334860083,6.52595160223392,6.75711380550119e-11,2.54407470406388e-08,"CXCL2"
"NA.147",NA,NA,NA,NA,NA,NA,NA
"NA.148",NA,NA,NA,NA,NA,NA,NA
"ENSG00000163739",473.490357861804,1.43551296432618,0.126193061937204,11.3755300195546,5.53654882239816e-30,5.60021913385574e-27,"CXCL1"
"NA.149",NA,NA,NA,NA,NA,NA,NA
"NA.150",NA,NA,NA,NA,NA,NA,NA
"NA.151",NA,NA,NA,NA,NA,NA,NA
"ENSG00000164400",11.442003800164,3.30240922491972,0.74036478880195,4.46051632231679,8.17624311270456e-06,0.00130094133392145,"CSF2"
"NA.152",NA,NA,NA,NA,NA,NA,NA
"NA.153",NA,NA,NA,NA,NA,NA,NA
"NA.154",NA,NA,NA,NA,NA,NA,NA
"NA.155",NA,NA,NA,NA,NA,NA,NA
"NA.156",NA,NA,NA,NA,NA,NA,NA
"NA.157",NA,NA,NA,NA,NA,NA,NA
"NA.158",NA,NA,NA,NA,NA,NA,NA
"NA.159",NA,NA,NA,NA,NA,NA,NA
"NA.160",NA,NA,NA,NA,NA,NA,NA
"NA.161",NA,NA,NA,NA,NA,NA,NA
"NA.162",NA,NA,NA,NA,NA,NA,NA
"NA.163",NA,NA,NA,NA,NA,NA,NA
"NA.164",NA,NA,NA,NA,NA,NA,NA
"NA.165",NA,NA,NA,NA,NA,NA,NA
"NA.166",NA,NA,NA,NA,NA,NA,NA
"NA.167",NA,NA,NA,NA,NA,NA,NA
"NA.168",NA,NA,NA,NA,NA,NA,NA
"NA.169",NA,NA,NA,NA,NA,NA,NA
"NA.170",NA,NA,NA,NA,NA,NA,NA
"ENSG00000253522",4.31263958028713,5.45566890775101,1.39356755984555,3.91489373386078,9.04440333140135e-05,0.00952342892236199,"MIR3142HG"
"NA.171",NA,NA,NA,NA,NA,NA,NA
"NA.172",NA,NA,NA,NA,NA,NA,NA
"NA.173",NA,NA,NA,NA,NA,NA,NA
"NA.174",NA,NA,NA,NA,NA,NA,NA
"NA.175",NA,NA,NA,NA,NA,NA,NA
"ENSG00000145901",1198.98922614038,1.2541638639429,0.10588418876842,11.8446755698898,2.29304009202586e-32,3.60797119368646e-29,"TNIP1"
"ENSG00000113070",247.014480263311,1.35275379128673,0.146243093248501,9.25003541184733,2.24418308858771e-20,1.58899383587453e-17,"HBEGF"
"NA.176",NA,NA,NA,NA,NA,NA,NA
"NA.177",NA,NA,NA,NA,NA,NA,NA
"NA.178",NA,NA,NA,NA,NA,NA,NA
"NA.179",NA,NA,NA,NA,NA,NA,NA
"NA.180",NA,NA,NA,NA,NA,NA,NA
"NA.181",NA,NA,NA,NA,NA,NA,NA
"NA.182",NA,NA,NA,NA,NA,NA,NA
"NA.183",NA,NA,NA,NA,NA,NA,NA
"NA.184",NA,NA,NA,NA,NA,NA,NA
"NA.185",NA,NA,NA,NA,NA,NA,NA
"NA.186",NA,NA,NA,NA,NA,NA,NA
"NA.187",NA,NA,NA,NA,NA,NA,NA
"NA.188",NA,NA,NA,NA,NA,NA,NA
"NA.189",NA,NA,NA,NA,NA,NA,NA
"NA.190",NA,NA,NA,NA,NA,NA,NA
"NA.191",NA,NA,NA,NA,NA,NA,NA
"NA.192",NA,NA,NA,NA,NA,NA,NA
"NA.193",NA,NA,NA,NA,NA,NA,NA
"NA.194",NA,NA,NA,NA,NA,NA,NA
"NA.195",NA,NA,NA,NA,NA,NA,NA
"NA.196",NA,NA,NA,NA,NA,NA,NA
"ENSG00000181577",13.7883087583741,2.08074665814121,0.563184799203168,3.69460727825962,0.000220226900467643,0.0194914571095143,"LINC03040"
"NA.197",NA,NA,NA,NA,NA,NA,NA
"NA.198",NA,NA,NA,NA,NA,NA,NA
"NA.199",NA,NA,NA,NA,NA,NA,NA
"NA.200",NA,NA,NA,NA,NA,NA,NA
"ENSG00000137331",543.400147290187,1.03658398124546,0.303010019579704,3.42095612113181,0.000624013992887086,0.0475089363079249,"IER3"
"NA.201",NA,NA,NA,NA,NA,NA,NA
"ENSG00000291237",655.84777384456,1.52074464840042,0.130779349549304,11.6283239948911,2.95849218338984e-31,3.4912673174153e-28,"SOD2"
"NA.202",NA,NA,NA,NA,NA,NA,NA
"ENSG00000243649",27.2774458277641,2.17937041087729,0.410171959196247,5.31330911832169,1.07652193325865e-07,2.53667551882006e-05,"CFB"
"NA.203",NA,NA,NA,NA,NA,NA,NA
"ENSG00000078401",29.9583959302473,1.29818964243297,0.365680007902363,3.55007004588445,0.000385128663845446,0.031524896004135,"EDN1"
"ENSG00000118503",491.14105579862,1.60361442132656,0.13763078105924,11.6515681229501,2.2527481285261e-31,2.90010602255073e-28,"TNFAIP3"
"NA.204",NA,NA,NA,NA,NA,NA,NA
"NA.205",NA,NA,NA,NA,NA,NA,NA
"NA.206",NA,NA,NA,NA,NA,NA,NA
"NA.207",NA,NA,NA,NA,NA,NA,NA
"NA.208",NA,NA,NA,NA,NA,NA,NA
"NA.209",NA,NA,NA,NA,NA,NA,NA
"NA.210",NA,NA,NA,NA,NA,NA,NA
"NA.211",NA,NA,NA,NA,NA,NA,NA
"NA.212",NA,NA,NA,NA,NA,NA,NA
"NA.213",NA,NA,NA,NA,NA,NA,NA
"NA.214",NA,NA,NA,NA,NA,NA,NA
"NA.215",NA,NA,NA,NA,NA,NA,NA
"NA.216",NA,NA,NA,NA,NA,NA,NA
"NA.217",NA,NA,NA,NA,NA,NA,NA
"NA.218",NA,NA,NA,NA,NA,NA,NA
"ENSG00000122641",410.508603639205,1.7412276914731,0.146863216878138,11.8561184242472,2.00035326696006e-32,3.54087532667767e-29,"INHBA"
"NA.219",NA,NA,NA,NA,NA,NA,NA
"ENSG00000136244",30.6218884674232,3.00102296980801,0.444025827162838,6.75866759594469,1.3926649155649e-11,5.4782021859207e-09,"IL6"
"NA.220",NA,NA,NA,NA,NA,NA,NA
"NA.221",NA,NA,NA,NA,NA,NA,NA
"NA.222",NA,NA,NA,NA,NA,NA,NA
"NA.223",NA,NA,NA,NA,NA,NA,NA
"NA.224",NA,NA,NA,NA,NA,NA,NA
"NA.225",NA,NA,NA,NA,NA,NA,NA
"NA.226",NA,NA,NA,NA,NA,NA,NA
"NA.227",NA,NA,NA,NA,NA,NA,NA
"NA.228",NA,NA,NA,NA,NA,NA,NA
"NA.229",NA,NA,NA,NA,NA,NA,NA
"NA.230",NA,NA,NA,NA,NA,NA,NA
"NA.231",NA,NA,NA,NA,NA,NA,NA
"NA.232",NA,NA,NA,NA,NA,NA,NA
"NA.233",NA,NA,NA,NA,NA,NA,NA
"NA.234",NA,NA,NA,NA,NA,NA,NA
"NA.235",NA,NA,NA,NA,NA,NA,NA
"NA.236",NA,NA,NA,NA,NA,NA,NA
"NA.237",NA,NA,NA,NA,NA,NA,NA
"NA.238",NA,NA,NA,NA,NA,NA,NA
"NA.239",NA,NA,NA,NA,NA,NA,NA
"NA.240",NA,NA,NA,NA,NA,NA,NA
"NA.241",NA,NA,NA,NA,NA,NA,NA
"NA.242",NA,NA,NA,NA,NA,NA,NA
"ENSG00000268104",394.577639190969,1.26320408984426,0.128921099972047,9.79827266536008,1.14527320310157e-22,9.01011879395626e-20,"SLC6A14"
"NA.243",NA,NA,NA,NA,NA,NA,NA
"NA.244",NA,NA,NA,NA,NA,NA,NA
"NA.245",NA,NA,NA,NA,NA,NA,NA
"NA.246",NA,NA,NA,NA,NA,NA,NA
"NA.247",NA,NA,NA,NA,NA,NA,NA
"NA.248",NA,NA,NA,NA,NA,NA,NA
"NA.249",NA,NA,NA,NA,NA,NA,NA
"NA.250",NA,NA,NA,NA,NA,NA,NA
"NA.251",NA,NA,NA,NA,NA,NA,NA
"NA.252",NA,NA,NA,NA,NA,NA,NA
"NA.253",NA,NA,NA,NA,NA,NA,NA
"NA.254",NA,NA,NA,NA,NA,NA,NA
"NA.255",NA,NA,NA,NA,NA,NA,NA
"NA.256",NA,NA,NA,NA,NA,NA,NA
"NA.257",NA,NA,NA,NA,NA,NA,NA
"NA.258",NA,NA,NA,NA,NA,NA,NA
"NA.259",NA,NA,NA,NA,NA,NA,NA
"NA.260",NA,NA,NA,NA,NA,NA,NA
"NA.261",NA,NA,NA,NA,NA,NA,NA
"NA.262",NA,NA,NA,NA,NA,NA,NA
"NA.263",NA,NA,NA,NA,NA,NA,NA
"NA.264",NA,NA,NA,NA,NA,NA,NA
"NA.265",NA,NA,NA,NA,NA,NA,NA
"NA.266",NA,NA,NA,NA,NA,NA,NA
"NA.267",NA,NA,NA,NA,NA,NA,NA
"NA.268",NA,NA,NA,NA,NA,NA,NA
"ENSG00000104368",98.6332193898373,1.34280865471324,0.208060555926765,6.45393187926449,1.08984814697133e-10,3.95726656647717e-08,"PLAT"
"NA.269",NA,NA,NA,NA,NA,NA,NA
"NA.270",NA,NA,NA,NA,NA,NA,NA
"NA.271",NA,NA,NA,NA,NA,NA,NA
"NA.272",NA,NA,NA,NA,NA,NA,NA
"NA.273",NA,NA,NA,NA,NA,NA,NA
"NA.274",NA,NA,NA,NA,NA,NA,NA
"NA.275",NA,NA,NA,NA,NA,NA,NA
"NA.276",NA,NA,NA,NA,NA,NA,NA
"NA.277",NA,NA,NA,NA,NA,NA,NA
"NA.278",NA,NA,NA,NA,NA,NA,NA
"NA.279",NA,NA,NA,NA,NA,NA,NA
"NA.280",NA,NA,NA,NA,NA,NA,NA
"NA.281",NA,NA,NA,NA,NA,NA,NA
"NA.282",NA,NA,NA,NA,NA,NA,NA
"NA.283",NA,NA,NA,NA,NA,NA,NA
"NA.284",NA,NA,NA,NA,NA,NA,NA
"NA.285",NA,NA,NA,NA,NA,NA,NA
"NA.286",NA,NA,NA,NA,NA,NA,NA
"NA.287",NA,NA,NA,NA,NA,NA,NA
"NA.288",NA,NA,NA,NA,NA,NA,NA
"ENSG00000185585",109.132789388846,-1.04929338957907,0.207584591623333,-5.05477492993813,4.30898619319215e-07,9.27988369423285e-05,"OLFML2A"
"NA.289",NA,NA,NA,NA,NA,NA,NA
"NA.290",NA,NA,NA,NA,NA,NA,NA
"NA.291",NA,NA,NA,NA,NA,NA,NA
"NA.292",NA,NA,NA,NA,NA,NA,NA
"NA.293",NA,NA,NA,NA,NA,NA,NA
"NA.294",NA,NA,NA,NA,NA,NA,NA
"ENSG00000181333",56.5818369416777,1.11170543840575,0.260242282693526,4.2718094342684,1.93893240442422e-05,0.00264011747875494,"HEPHL1"
"NA.295",NA,NA,NA,NA,NA,NA,NA
"NA.296",NA,NA,NA,NA,NA,NA,NA
"ENSG00000173432",183.14557047229,2.44812160005096,0.206050846504602,11.881152839604,1.48307715630983e-32,3.00026508721479e-29,"SAA1"
"NA.297",NA,NA,NA,NA,NA,NA,NA
"NA.298",NA,NA,NA,NA,NA,NA,NA
"NA.299",NA,NA,NA,NA,NA,NA,NA
"NA.300",NA,NA,NA,NA,NA,NA,NA
"NA.301",NA,NA,NA,NA,NA,NA,NA
"NA.302",NA,NA,NA,NA,NA,NA,NA
"NA.303",NA,NA,NA,NA,NA,NA,NA
"NA.304",NA,NA,NA,NA,NA,NA,NA
"NA.305",NA,NA,NA,NA,NA,NA,NA
"NA.306",NA,NA,NA,NA,NA,NA,NA
"NA.307",NA,NA,NA,NA,NA,NA,NA
"NA.308",NA,NA,NA,NA,NA,NA,NA
"NA.309",NA,NA,NA,NA,NA,NA,NA
"NA.310",NA,NA,NA,NA,NA,NA,NA
"NA.311",NA,NA,NA,NA,NA,NA,NA
"NA.312",NA,NA,NA,NA,NA,NA,NA
"NA.313",NA,NA,NA,NA,NA,NA,NA
"NA.314",NA,NA,NA,NA,NA,NA,NA
"NA.315",NA,NA,NA,NA,NA,NA,NA
"NA.316",NA,NA,NA,NA,NA,NA,NA
"ENSG00000244242",22.8726726398633,-1.89385947865392,0.459992061878528,-4.11715687205497,3.83574996738541e-05,0.00472330915549085,"IFITM10"
"NA.317",NA,NA,NA,NA,NA,NA,NA
"ENSG00000134339",144.449258459587,2.63416385741316,0.204278179832119,12.8949839849659,4.80362918514801e-38,2.2674730963627e-34,"SAA2"
"ENSG00000023445",66.6770096594262,1.5334336200244,0.25252193050384,6.0724770199754,1.25952127237658e-09,4.05365471321017e-07,"BIRC3"
"ENSG00000185885",13.2768632266496,2.06843481953154,0.595536416593811,3.473229783935,0.000514234886367242,0.0412981851214081,"IFITM1"
"NA.318",NA,NA,NA,NA,NA,NA,NA
"NA.319",NA,NA,NA,NA,NA,NA,NA
"NA.320",NA,NA,NA,NA,NA,NA,NA
"NA.321",NA,NA,NA,NA,NA,NA,NA
"NA.322",NA,NA,NA,NA,NA,NA,NA
"ENSG00000185745",44.8489021682958,1.14070459761677,0.308672606445875,3.69551613520582,0.000219440542938709,0.0194914571095143,"IFIT1"
"NA.323",NA,NA,NA,NA,NA,NA,NA
"NA.324",NA,NA,NA,NA,NA,NA,NA
"NA.325",NA,NA,NA,NA,NA,NA,NA
"NA.326",NA,NA,NA,NA,NA,NA,NA
"NA.327",NA,NA,NA,NA,NA,NA,NA
"ENSG00000188613",9.04683438579156,-2.48102749395121,0.71453827105115,-3.47221078907557,0.000516190859860832,0.0412981851214081,"NANOS1"
"NA.328",NA,NA,NA,NA,NA,NA,NA
"NA.329",NA,NA,NA,NA,NA,NA,NA
"NA.330",NA,NA,NA,NA,NA,NA,NA
"NA.331",NA,NA,NA,NA,NA,NA,NA
"NA.332",NA,NA,NA,NA,NA,NA,NA
"NA.333",NA,NA,NA,NA,NA,NA,NA
"NA.334",NA,NA,NA,NA,NA,NA,NA
"NA.335",NA,NA,NA,NA,NA,NA,NA
"NA.336",NA,NA,NA,NA,NA,NA,NA
"NA.337",NA,NA,NA,NA,NA,NA,NA
"ENSG00000077150",287.196904219372,1.07978609465459,0.151934211270651,7.10693191233341,1.18650930615791e-12,4.94181126014769e-10,"NFKB2"
"NA.338",NA,NA,NA,NA,NA,NA,NA
"ENSG00000107968",19.9825804424124,2.04470694955143,0.461429094565614,4.43124842718534,9.36890744704314e-06,0.00145794613579756,"MAP3K8"
"NA.339",NA,NA,NA,NA,NA,NA,NA
"NA.340",NA,NA,NA,NA,NA,NA,NA
"NA.341",NA,NA,NA,NA,NA,NA,NA
"NA.342",NA,NA,NA,NA,NA,NA,NA
"ENSG00000089127",53.1877922536276,2.12103056736992,0.292107464730059,7.26113099961343,3.8386694944258e-13,1.69873120970512e-10,"OAS1"
"ENSG00000111335",167.544180218721,1.22931932829652,0.168286161911084,7.30493413324175,2.77402598177493e-13,1.29642398735475e-10,"OAS2"
"NA.343",NA,NA,NA,NA,NA,NA,NA
"ENSG00000185479",654.017512236909,1.67133150891958,0.137330885041236,12.1701065890439,4.48496467185985e-34,1.27023169436415e-30,"KRT6B"
"NA.344",NA,NA,NA,NA,NA,NA,NA
"NA.345",NA,NA,NA,NA,NA,NA,NA
"NA.346",NA,NA,NA,NA,NA,NA,NA
"NA.347",NA,NA,NA,NA,NA,NA,NA
"NA.348",NA,NA,NA,NA,NA,NA,NA
"NA.349",NA,NA,NA,NA,NA,NA,NA
"NA.350",NA,NA,NA,NA,NA,NA,NA
"NA.351",NA,NA,NA,NA,NA,NA,NA
"NA.352",NA,NA,NA,NA,NA,NA,NA
"NA.353",NA,NA,NA,NA,NA,NA,NA
"NA.354",NA,NA,NA,NA,NA,NA,NA
"NA.355",NA,NA,NA,NA,NA,NA,NA
"NA.356",NA,NA,NA,NA,NA,NA,NA
"NA.357",NA,NA,NA,NA,NA,NA,NA
"ENSG00000111331",243.25356341814,1.33417365074349,0.174471553179942,7.64694087045513,2.05816908101663e-14,1.07947156875098e-11,"OAS3"
"NA.358",NA,NA,NA,NA,NA,NA,NA
"NA.359",NA,NA,NA,NA,NA,NA,NA
"ENSG00000185432",22.8905461243333,-1.49145374804663,0.407329706790205,-3.66153934560633,0.000250704348658495,0.0219149646997095,"TMT1A"
"NA.360",NA,NA,NA,NA,NA,NA,NA
"NA.361",NA,NA,NA,NA,NA,NA,NA
"NA.362",NA,NA,NA,NA,NA,NA,NA
"NA.363",NA,NA,NA,NA,NA,NA,NA
"NA.364",NA,NA,NA,NA,NA,NA,NA
"NA.365",NA,NA,NA,NA,NA,NA,NA
"NA.366",NA,NA,NA,NA,NA,NA,NA
"NA.367",NA,NA,NA,NA,NA,NA,NA
"NA.368",NA,NA,NA,NA,NA,NA,NA
"NA.369",NA,NA,NA,NA,NA,NA,NA
"NA.370",NA,NA,NA,NA,NA,NA,NA
"NA.371",NA,NA,NA,NA,NA,NA,NA
"NA.372",NA,NA,NA,NA,NA,NA,NA
"NA.373",NA,NA,NA,NA,NA,NA,NA
"NA.374",NA,NA,NA,NA,NA,NA,NA
"NA.375",NA,NA,NA,NA,NA,NA,NA
"NA.376",NA,NA,NA,NA,NA,NA,NA
"NA.377",NA,NA,NA,NA,NA,NA,NA
"NA.378",NA,NA,NA,NA,NA,NA,NA
"NA.379",NA,NA,NA,NA,NA,NA,NA
"NA.380",NA,NA,NA,NA,NA,NA,NA
"NA.381",NA,NA,NA,NA,NA,NA,NA
"NA.382",NA,NA,NA,NA,NA,NA,NA
"NA.383",NA,NA,NA,NA,NA,NA,NA
"NA.384",NA,NA,NA,NA,NA,NA,NA
"NA.385",NA,NA,NA,NA,NA,NA,NA
"NA.386",NA,NA,NA,NA,NA,NA,NA
"NA.387",NA,NA,NA,NA,NA,NA,NA
"NA.388",NA,NA,NA,NA,NA,NA,NA
"NA.389",NA,NA,NA,NA,NA,NA,NA
"NA.390",NA,NA,NA,NA,NA,NA,NA
"ENSG00000196136",14.4921234856605,2.71245364475205,0.599437082035671,4.52500141556248,6.03951014599692e-06,0.00101824241899015,"SERPINA3"
"ENSG00000185215",183.009322620715,1.5504617483018,0.181155716505901,8.55872383277123,1.14123729885055e-17,7.02654843000986e-15,"TNFAIP2"
"ENSG00000165949",99.2145621016553,2.53424276619638,0.451658776523946,5.61096761077114,2.01198423672469e-08,5.93508832290484e-06,"IFI27"
"ENSG00000213928",36.8369206681867,1.2299468444431,0.322502783851585,3.81375574422674,0.000136870747495999,0.0131852153421145,"IRF9"
"NA.391",NA,NA,NA,NA,NA,NA,NA
"NA.392",NA,NA,NA,NA,NA,NA,NA
"ENSG00000140379",19.0571485576552,2.18432999917181,0.48789724802584,4.47702873506702,7.56890653179799e-06,0.00121799187950899,"BCL2A1"
"NA.393",NA,NA,NA,NA,NA,NA,NA
"NA.394",NA,NA,NA,NA,NA,NA,NA
"NA.395",NA,NA,NA,NA,NA,NA,NA
"NA.396",NA,NA,NA,NA,NA,NA,NA
"NA.397",NA,NA,NA,NA,NA,NA,NA
"NA.398",NA,NA,NA,NA,NA,NA,NA
"ENSG00000140519",276.599898684321,1.28437018717092,0.145002104312281,8.85759688290359,8.17577495491145e-19,5.51319757792862e-16,"RHCG"
"NA.399",NA,NA,NA,NA,NA,NA,NA
"NA.400",NA,NA,NA,NA,NA,NA,NA
"ENSG00000166920",154.920964863985,1.24127809556392,0.173614405702106,7.14962615310708,8.70145494851098e-13,3.73397889472315e-10,"COXFA4L3"
"NA.401",NA,NA,NA,NA,NA,NA,NA
"NA.402",NA,NA,NA,NA,NA,NA,NA
"NA.403",NA,NA,NA,NA,NA,NA,NA
"NA.404",NA,NA,NA,NA,NA,NA,NA
"NA.405",NA,NA,NA,NA,NA,NA,NA
"NA.406",NA,NA,NA,NA,NA,NA,NA
"NA.407",NA,NA,NA,NA,NA,NA,NA
"NA.408",NA,NA,NA,NA,NA,NA,NA
"NA.409",NA,NA,NA,NA,NA,NA,NA
"NA.410",NA,NA,NA,NA,NA,NA,NA
"NA.411",NA,NA,NA,NA,NA,NA,NA
"NA.412",NA,NA,NA,NA,NA,NA,NA
"NA.413",NA,NA,NA,NA,NA,NA,NA
"NA.414",NA,NA,NA,NA,NA,NA,NA
"NA.415",NA,NA,NA,NA,NA,NA,NA
"NA.416",NA,NA,NA,NA,NA,NA,NA
"NA.417",NA,NA,NA,NA,NA,NA,NA
"NA.418",NA,NA,NA,NA,NA,NA,NA
"NA.419",NA,NA,NA,NA,NA,NA,NA
"NA.420",NA,NA,NA,NA,NA,NA,NA
"NA.421",NA,NA,NA,NA,NA,NA,NA
"NA.422",NA,NA,NA,NA,NA,NA,NA
"NA.423",NA,NA,NA,NA,NA,NA,NA
"NA.424",NA,NA,NA,NA,NA,NA,NA
"NA.425",NA,NA,NA,NA,NA,NA,NA
"ENSG00000008517",228.128765672212,1.26810953174709,0.160271324832145,7.91226710751412,2.52743386086517e-15,1.37657657321968e-12,"IL32"
"NA.426",NA,NA,NA,NA,NA,NA,NA
"NA.427",NA,NA,NA,NA,NA,NA,NA
"NA.428",NA,NA,NA,NA,NA,NA,NA
"NA.429",NA,NA,NA,NA,NA,NA,NA
"NA.430",NA,NA,NA,NA,NA,NA,NA
"NA.431",NA,NA,NA,NA,NA,NA,NA
"NA.432",NA,NA,NA,NA,NA,NA,NA
"NA.433",NA,NA,NA,NA,NA,NA,NA
"NA.434",NA,NA,NA,NA,NA,NA,NA
"NA.435",NA,NA,NA,NA,NA,NA,NA
"NA.436",NA,NA,NA,NA,NA,NA,NA
"NA.437",NA,NA,NA,NA,NA,NA,NA
"NA.438",NA,NA,NA,NA,NA,NA,NA
"NA.439",NA,NA,NA,NA,NA,NA,NA
"NA.440",NA,NA,NA,NA,NA,NA,NA
"NA.441",NA,NA,NA,NA,NA,NA,NA
"NA.442",NA,NA,NA,NA,NA,NA,NA
"NA.443",NA,NA,NA,NA,NA,NA,NA
"NA.444",NA,NA,NA,NA,NA,NA,NA
"NA.445",NA,NA,NA,NA,NA,NA,NA
"NA.446",NA,NA,NA,NA,NA,NA,NA
"NA.447",NA,NA,NA,NA,NA,NA,NA
"NA.448",NA,NA,NA,NA,NA,NA,NA
"NA.449",NA,NA,NA,NA,NA,NA,NA
"NA.450",NA,NA,NA,NA,NA,NA,NA
"NA.451",NA,NA,NA,NA,NA,NA,NA
"NA.452",NA,NA,NA,NA,NA,NA,NA
"NA.453",NA,NA,NA,NA,NA,NA,NA
"NA.454",NA,NA,NA,NA,NA,NA,NA
"NA.455",NA,NA,NA,NA,NA,NA,NA
"NA.456",NA,NA,NA,NA,NA,NA,NA
"NA.457",NA,NA,NA,NA,NA,NA,NA
"NA.458",NA,NA,NA,NA,NA,NA,NA
"NA.459",NA,NA,NA,NA,NA,NA,NA
"NA.460",NA,NA,NA,NA,NA,NA,NA
"NA.461",NA,NA,NA,NA,NA,NA,NA
"ENSG00000108342",17.573989242991,4.57736661372752,0.816305474034888,5.60741874129817,2.05366377955185e-08,5.93508832290484e-06,"CSF3"
"ENSG00000173918",26.0867272655062,1.50028139228182,0.398654918633866,3.76335853931785,0.000167646575923158,0.015709316201011,"C1QTNF1"
"NA.462",NA,NA,NA,NA,NA,NA,NA
"NA.463",NA,NA,NA,NA,NA,NA,NA
"NA.464",NA,NA,NA,NA,NA,NA,NA
"NA.465",NA,NA,NA,NA,NA,NA,NA
"NA.466",NA,NA,NA,NA,NA,NA,NA
"NA.467",NA,NA,NA,NA,NA,NA,NA
"NA.468",NA,NA,NA,NA,NA,NA,NA
"NA.469",NA,NA,NA,NA,NA,NA,NA
"NA.470",NA,NA,NA,NA,NA,NA,NA
"NA.471",NA,NA,NA,NA,NA,NA,NA
"NA.472",NA,NA,NA,NA,NA,NA,NA
"NA.473",NA,NA,NA,NA,NA,NA,NA
"NA.474",NA,NA,NA,NA,NA,NA,NA
"NA.475",NA,NA,NA,NA,NA,NA,NA
"NA.476",NA,NA,NA,NA,NA,NA,NA
"NA.477",NA,NA,NA,NA,NA,NA,NA
"ENSG00000178726",99.1281817194457,-1.0112507259061,0.210836292758758,-4.79637880496782,1.6155962992175e-06,0.000325169557730831,"THBD"
"NA.478",NA,NA,NA,NA,NA,NA,NA
"NA.479",NA,NA,NA,NA,NA,NA,NA
"NA.480",NA,NA,NA,NA,NA,NA,NA
"NA.481",NA,NA,NA,NA,NA,NA,NA
"NA.482",NA,NA,NA,NA,NA,NA,NA
"NA.483",NA,NA,NA,NA,NA,NA,NA
"NA.484",NA,NA,NA,NA,NA,NA,NA
"NA.485",NA,NA,NA,NA,NA,NA,NA
"ENSG00000130589",52.2037592934708,1.005062034738,0.275421300498121,3.64918048429901,0.000263078229452639,0.0225784897410838,"HELZ2"
"NA.486",NA,NA,NA,NA,NA,NA,NA
"ENSG00000100985",69.3389275035025,2.1282223168312,0.290812706948247,7.31818887546045,2.51339946392746e-13,1.22731895891989e-10,"MMP9"
"NA.487",NA,NA,NA,NA,NA,NA,NA
"NA.488",NA,NA,NA,NA,NA,NA,NA
"ENSG00000124102",18.4471088638604,1.77968529400215,0.470265069121916,3.78443012432371,0.000154061183429914,0.0145444027903401,"PI3"
"NA.489",NA,NA,NA,NA,NA,NA,NA
"NA.490",NA,NA,NA,NA,NA,NA,NA
"NA.491",NA,NA,NA,NA,NA,NA,NA
"NA.492",NA,NA,NA,NA,NA,NA,NA
"NA.493",NA,NA,NA,NA,NA,NA,NA
"NA.494",NA,NA,NA,NA,NA,NA,NA
"NA.495",NA,NA,NA,NA,NA,NA,NA
"NA.496",NA,NA,NA,NA,NA,NA,NA
"NA.497",NA,NA,NA,NA,NA,NA,NA
"NA.498",NA,NA,NA,NA,NA,NA,NA
"NA.499",NA,NA,NA,NA,NA,NA,NA
"NA.500",NA,NA,NA,NA,NA,NA,NA
"NA.501",NA,NA,NA,NA,NA,NA,NA
"NA.502",NA,NA,NA,NA,NA,NA,NA
"NA.503",NA,NA,NA,NA,NA,NA,NA
"NA.504",NA,NA,NA,NA,NA,NA,NA
"NA.505",NA,NA,NA,NA,NA,NA,NA
"NA.506",NA,NA,NA,NA,NA,NA,NA
"NA.507",NA,NA,NA,NA,NA,NA,NA
"NA.508",NA,NA,NA,NA,NA,NA,NA
"NA.509",NA,NA,NA,NA,NA,NA,NA
"NA.510",NA,NA,NA,NA,NA,NA,NA
"NA.511",NA,NA,NA,NA,NA,NA,NA
"NA.512",NA,NA,NA,NA,NA,NA,NA
"NA.513",NA,NA,NA,NA,NA,NA,NA
"NA.514",NA,NA,NA,NA,NA,NA,NA
"NA.515",NA,NA,NA,NA,NA,NA,NA
"ENSG00000090339",346.135161163977,1.93431708996035,0.164731995327498,11.7422064008561,7.74394015100072e-32,1.09661936478321e-28,"ICAM1"
"NA.516",NA,NA,NA,NA,NA,NA,NA
"ENSG00000125730",1482.35663334039,1.45027851807432,0.107535842240703,13.4864663525681,1.87892356456909e-41,1.33037182989315e-37,"C3"
"NA.517",NA,NA,NA,NA,NA,NA,NA
"NA.518",NA,NA,NA,NA,NA,NA,NA
"NA.519",NA,NA,NA,NA,NA,NA,NA
"ENSG00000128342",232.570425967401,1.30724066029558,0.160604056537233,8.13952454552433,3.96833147610302e-16,2.34148091804562e-13,"LIF"
"NA.520",NA,NA,NA,NA,NA,NA,NA
"NA.521",NA,NA,NA,NA,NA,NA,NA
"NA.522",NA,NA,NA,NA,NA,NA,NA
"NA.523",NA,NA,NA,NA,NA,NA,NA
"NA.524",NA,NA,NA,NA,NA,NA,NA
"NA.525",NA,NA,NA,NA,NA,NA,NA
"NA.526",NA,NA,NA,NA,NA,NA,NA
"NA.527",NA,NA,NA,NA,NA,NA,NA
"NA.528",NA,NA,NA,NA,NA,NA,NA
"ENSG00000185022",115.281312079358,1.01333612265692,0.189899376650903,5.33617403347122,9.49282924782932e-08,2.27843991489002e-05,"MAFF"
"ENSG00000100311",56.6829904815701,1.21574454693433,0.271166169655854,4.48339314774139,7.34653972352517e-06,0.00119579711522805,"PDGFB"
"NA.529",NA,NA,NA,NA,NA,NA,NA
"NA.530",NA,NA,NA,NA,NA,NA,NA
"NA.531",NA,NA,NA,NA,NA,NA,NA
"NA.532",NA,NA,NA,NA,NA,NA,NA
"NA.533",NA,NA,NA,NA,NA,NA,NA
"NA.534",NA,NA,NA,NA,NA,NA,NA
"NA.535",NA,NA,NA,NA,NA,NA,NA
"NA.536",NA,NA,NA,NA,NA,NA,NA
"ENSG00000183486",16.2073411161271,2.35706625104726,0.587204122714273,4.01404922048578,5.96858917370651e-05,0.00698522242056676,"MX2"
"ENSG00000157601",89.2856954508482,2.27005896631761,0.282136089754471,8.0459716028996,8.55638329391783e-16,4.84667775300682e-13,"MX1"
"NA.537",NA,NA,NA,NA,NA,NA,NA
"ENSG00000210144",36.5226669260998,-1.1629785743683,0.338683400885101,-3.43382218121415,0.000595134472810711,0.0455551311863377,NA
"NA.538",NA,NA,NA,NA,NA,NA,NA
